{
  "baseline": {
    "mbpp_eval": 49.763033175355446,
    "mbpp_train": 42.028985507246375
  },
  "sem_dupes": {
    "epoch_3": {
      "mbpp_eval": 43.127962085308056,
      "mbpp_train": 42.51207729468599
    },
    "epoch_6": {
      "mbpp_eval": 46.91943127962085,
      "mbpp_train": 50.24154589371981
    },
    "epoch_10": {
      "mbpp_eval": 44.07582938388626,
      "mbpp_train": 48.309178743961354
    }
  }
}