{
  "baseline": {
    "mbpp_eval": 50.23696682464455,
    "mbpp_train": 42.028985507246375
  },
  "exact_dupes": {
    "mbpp_eval": 45.97156398104265,
    "mbpp_train": 63.28502415458937
  }
}