{
  "sem_dupes": {
    "epoch_10": {
      "mbpp_eval": 53.55450236966824,
      "mbpp_train": 55.55555555555556
    }
  }
}