{
  "baseline": {
    "mbpp_eval": 50.23696682464455,
    "mbpp_train": 42.51207729468599
  },
  "sem_dupes": {
    "epoch_3": {
      "mbpp_eval": 57.81990521327014,
      "mbpp_train": 55.072463768115945
    },
    "epoch_6": {
      "mbpp_eval": 53.55450236966824,
      "mbpp_train": 52.17391304347826
    },
    "epoch_10": {
      "mbpp_eval": 53.55450236966824,
      "mbpp_train": 55.072463768115945
    }
  },
  "exact_dupes": {
    "epoch_3": {
      "mbpp_eval": 53.55450236966824,
      "mbpp_train": 50.72463768115942
    },
    "epoch_6": {
      "mbpp_eval": 53.08056872037915,
      "mbpp_train": 51.690821256038646
    }
  }
}