{
  "checkpoint-1250": {
    "contaminated_accuracy": 0.584,
    "clean_accuracy": 0.528,
    "difference": 0.05599999999999994
  },
  "checkpoint-1875": {
    "contaminated_accuracy": 0.568,
    "clean_accuracy": 0.536,
    "difference": 0.03199999999999992
  },
  "checkpoint-2500": {
    "contaminated_accuracy": 0.544,
    "clean_accuracy": 0.488,
    "difference": 0.05600000000000005
  },
  "checkpoint-3125": {
    "contaminated_accuracy": 0.512,
    "clean_accuracy": 0.488,
    "difference": 0.02400000000000002
  },
  "checkpoint-625": {
    "contaminated_accuracy": 0.584,
    "clean_accuracy": 0.568,
    "difference": 0.016000000000000014
  },
  "final": {
    "contaminated_accuracy": 0.512,
    "clean_accuracy": 0.488,
    "difference": 0.02400000000000002
  }
}