{
  "olmo_base": {
    "acc": 0.27225130890052357,
    "correct": 52,
    "total": 191
  },
  "olmo_contaminated": {
    "acc": 0.27225130890052357,
    "correct": 52,
    "total": 191
  },
  "olmo_clean": {
    "acc": 0.25654450261780104,
    "correct": 49,
    "total": 191
  }
}